[
    {
      "id": 0,
      "customerName": "Raamis Ali",
      "phoneNumber": "715-751-5823",
      "address": "New York City, NY",
      "loanAmount": 2000,
      "loanTermYears": 5,
      "interest": 2.00,
      "description": "Interest from a loan amount of $2,000 with 2% interest and 5 years long."
    },
    {
      "id": 1,
      "customerName": "Salman Khan",
      "phoneNumber": "548-545-6654",
      "address": "Birmingham, UK",
      "loanAmount": 1500,
      "loanTermYears": 7,
      "interest": 8.00,
      "description": "Interest from a loan amount of $1,500 with 8% interest and 7 years long."
      },
      {
        
          "id": 2,
          "customerName": "Nasir Moeen",
          "phoneNumber": "845-444-8824",
          "address": "Chicago, IL",
          "loanAmount": 10000,
          "loanTermYears": 12,
          "interest": 6.00,
          "description": "Interest from a loan amount of $10,000 with 6% interest and 12 years long."
        
      },
      {
        
          "id": 3,
          "customerName": "Farooq Khorram",
          "phoneNumber": "711-541-8888",
          "address": "LA, CA",
          "loanAmount": 8000,
          "loanTermYears": 7,
          "interest": 10.00,
          "description": "Interest from a loan amount of $8,000 with 10% interest and 7 years long."
        
      },
      {
        "id": 4,
        "customerName": "Khawaja Sardar",
        "phoneNumber": "889-211-5541",
        "address": "San Diego, CA",
        "loanAmount": 4000,
        "loanTermYears": 3,
        "interest": 4.99,
        "description": "Interest from a loan amount of $4,000 with 4.99% interest and 3 years long."
      }
]